name,price,review_num,review_rating,stock,upc
The Black Maria,2.15,0,1,19,1dfe412b8ac00530
The Boys in the Boat: Nine Americans and Their Epic Quest for Gold at the 1936 Berlin Olympics,2.6,0,4,19,e10e1e165dc8be4a
The Dirty Little Secrets of Getting Your Dream Job,3.34,0,4,19,2597b5a345f45e1b
Tipping the Velvet,3.74,0,1,20,90fa61229261140a
"The Coming Woman: A Novel Based on the Life of the Infamous Feminist, Victoria Woodhull",7.93,0,3,19,e72a5dfc7e9267b2
Soumission,0.1,0,1,20,6957f44c3847a760
Sharp Objects,7.82,0,4,20,e00eb4fd7b871a48
Sapiens: A Brief History of Humankind,4.23,0,5,20,4165285e1663650f
A Light in the Attic,1.77,0,3,22,a897fe39b1053632
"Our Band Could Be Your Life: Scenes from the American Indie Underground, 1981-1991",7.25,0,3,19,deda3e61b9514b83
Olio,3.88,0,1,19,feb7cc7701ecf901
It's Only the Himalayas,5.17,0,2,19,a22124811bfa8350
Mesaerion: The Best Science Fiction Stories 1800-1849,7.59,0,1,19,e30f54cea9b38190
Libertarianism for Beginners,1.33,0,2,19,a18a4f574854aced
Rip it Up and Start Again,5.02,0,5,19,a34ba96d4081e6a4
Scott Pilgrim's Precious Little Life (Scott Pilgrim #1),2.29,0,5,19,3b1c02bac2a429e6
"Starving Hearts (Triangular Trade Trilogy, #1)",3.99,0,2,19,0312262ecafa5a40
Shakespeare's Sonnets,0.66,0,4,19,30a7f60cd76ca58c
Set Me Free,7.46,0,5,19,ce6396b0f23f6ecc
In Her Wake,2.84,0,1,19,23356462d1320d61
You can't bury them all: Poems,3.63,0,2,17,55f9da0c5eea2e10
Behind Closed Doors,2.22,0,4,18,be5cc846f45496fb
Maude (1883-1993):She Grew Up with the country,8.02,0,2,18,094b269567e1c300
"In a Dark, Dark Wood",9.63,0,1,18,19ed25f4641d5efd
Penny Maybe,3.29,0,3,18,668fe56b17cfcd4f
The Bear and the Piano,6.89,0,1,18,9f6568e9c95f60b0
The Elephant Tree,3.82,0,5,18,5dada2b7be26bd03
The Five Love Languages: How to Express Heartfelt Commitment to Your Mate,1.05,0,3,18,3c039985229453bf
The Four Agreements: A Practical Guide to Personal Freedom,7.66,0,5,18,6258a1f6a6dcfe50
Wall and Piece,4.18,0,4,18,ccd9ffa25efabdea
Worlds Elsewhere: Journeys Around Shakespeare’s Globe,0.3,0,5,18,4c28def39d850cdf
Aladdin and His Wonderful Lamp,3.13,0,3,19,904208d6aa64b655
Sophie's World,5.94,0,5,18,6be3beb0793a53e7
America's Cradle of Quarterbacks: Western Pennsylvania's Football Factory from Johnny Unitas to Joe Montana,2.5,0,3,19,c7d160c2c0de586f
Birdsong: A Story in Pictures,4.64,0,3,19,9528d0948525bf5f
Black Dust,4.53,0,5,19,00bfed9e18bb36f3
The Natural History of Us (The Fine Art of Pretending #2),5.22,0,3,16,cedf82b5086e4691
The Past Never Ends,6.5,0,4,16,5ee94540d0749ea0
"The Pioneer Woman Cooks: Dinnertime: Comfort Classics, Freezer Food, 16-Minute Meals, and Other Delicious Ways to Solve Supper!",6.41,0,1,16,142d767a56a9254d
The Secret of Dreadwillow Carse,6.13,0,1,16,b5ea0b5dabed25a8
The Torch Is Passed: A Harding Family Story,9.09,0,1,16,4eed62cf5f8d8edf
Thirst,7.27,0,5,16,709822d0b5bcb7f4
This One Summer,9.49,0,4,16,51653ef291ab7ddc
Throwing Rocks at the Google Bus: How Growth Became the Enemy of Prosperity,1.12,0,3,16,7858914fad68493c
Tsubasa: WoRLD CHRoNiCLE 2 (Tsubasa WoRLD CHRoNiCLE #2),6.28,0,1,16,09555be379ad9253
"Unbound: How Eight Technologies Made Us Human, Transformed Society, and Brought Our World to the Brink",5.52,0,1,16,9a9d6e9bc555731e
Unicorn Tracks,8.78,0,3,16,7ae099f3898e0209
"Unseen City: The Majesty of Pigeons, the Discreet Charm of Snails & Other Wonders of the Urban Wilderness",4.18,0,4,16,d170b5a0da46380e
Untitled Collection: Sabbath Poems 2014,4.27,0,4,16,657fe5ead67a7767
"We Love You, Charlie Freeman",0.27,0,5,16,8d455c7539795d2a
When We Collided,1.77,0,1,16,3ecb690d1542c568
The Requiem Red,2.65,0,1,19,f77dbf2323deb740
Without Borders (Wanderlove #1),5.07,0,2,16,acddfeab2a407640
The Age of Genius: The Seventeenth Century and the Birth of the Modern Mind,9.73,0,1,16,a3d2a4250807f1e9
"Rat Queens, Vol. 3: Demons (Rat Queens (Collected Editions) #11-15)",0.4,0,3,16,c82a3e358c773c73
Reskilling America: Learning to Labor in the Twenty-First Century,9.83,0,2,16,d7310206583a54b6
"Saga, Volume 5 (Saga (Collected Editions) #5)",1.04,0,2,16,53a3d11bb568cc8b
"Saga, Volume 6 (Saga (Collected Editions) #6)",5.02,0,3,16,c849f0b2f5d6a742
Soul Reader,9.58,0,2,16,e6af5bf1163c1151
Spark Joy: An Illustrated Master Class on the Art of Organizing and Tidying Up,1.83,0,4,16,87b0615b6e1f4d7b
The Activist's Tao Te Ching: Ancient Advice for a Modern Revolution,2.24,0,5,16,7d6d2a6c0276f81b
The Art Forger,0.76,0,3,16,80cfab6bcff3a244
"The Bulletproof Diet: Lose up to a Pound a Day, Reclaim Energy and Focus, Upgrade Your Life",9.05,0,3,16,43c6a960757cf559
The Electric Pencil: Drawings from Inside State Hospital No. 3,6.06,0,1,16,a30b270e25489e5c
The Death of Humanity: and the Case for Life,8.11,0,4,16,bd261725b99f5983
The Gutsy Girl: Escapades for Your Life of Epic Adventure,7.13,0,1,16,acd86a5426e21ca0
"The Inefficiency Assassin: Time Management Tactics for Working Smarter, Not Longer",0.59,0,5,16,8c9e6bf2467d740d
The Life-Changing Magic of Tidying Up: The Japanese Art of Decluttering and Organizing,6.77,0,3,16,0da9aa9d24677fc0
"The Mindfulness and Acceptance Workbook for Anxiety: A Guide to Breaking Free from Anxiety, Phobias, and Worry Using Acceptance and Commitment Therapy",3.89,0,4,16,31075275518532d7
The Most Perfect Thing: Inside (and Outside) a Bird's Egg,2.96,0,4,16,aadee1c326d286e3
The Murder That Never Was (Forensic Instincts #5),4.11,0,3,16,d01ac97e2b8947c2
The Nameless City (The Nameless City #1),8.16,0,4,16,7d385d34d12e60ff
#HigherSelfie: Wake Up Your Life. Free Your Soul. Find Your Tribe.,3.11,0,5,17,c27f6e1f185b0383
In the Country We Love: My Family Divided,2.0,0,4,16,b136b1b180ca753a
Join,5.67,0,5,16,18ad3ed896c7ce05
Judo: Seven Steps to Black Belt (an Introductory Guide for Beginners),3.9,0,2,16,228f74b74f3a08ae
"Layered: Baking, Building, and Styling Spectacular Cakes",0.11,0,1,16,7b75cc7f223791f4
Lumberjanes Vol. 3: A Terrible Plan (Lumberjanes #9-12),9.92,0,2,16,57e5a4d515c8ce44
"Lumberjanes, Vol. 1: Beware the Kitten Holy (Lumberjanes #1-4)",5.61,0,3,16,b6ee99bcf06fc91f
"Lumberjanes, Vol. 2: Friendship to the Max (Lumberjanes #5-8)",6.91,0,2,16,460089f796fb3f82
"Mama Tried: Traditional Italian Cooking for the Screwed, Crude, Vegan, and Tattooed",4.02,0,4,16,72f9d5be3472d34e
Masks and Shadows,6.4,0,2,16,fa9610a50a1bf149
My Paris Kitchen: Recipes and Stories,3.37,0,2,16,784bc2279baa878d
Obsidian (Lux #1),4.86,0,2,16,3c346ab1e76ae1f6
On a Midnight Clear,4.07,0,3,16,b757c0c361e689ce
Online Marketing for Busy Authors: A Step-By-Step Guide,6.35,0,1,16,9ffa38d3b832433a
orange: The Complete Collection 1 (orange: The Complete Collection #1),8.41,0,1,16,11809b1d323b3057
"Outcast, Vol. 1: A Darkness Surrounds Him (Outcast #1)",5.44,0,4,16,889139b8e9c4cb36
Patience,0.16,0,3,16,9429b4d59c537af5
"Political Suicide: Missteps, Peccadilloes, Bad Calls, Backroom Hijinx, Sordid Pasts, Rotten Breaks, and Just Plain Dumb Mistakes in the Annals of American Politics",6.28,0,2,16,7392c0032f92d816
"Avatar: The Last Airbender: Smoke and Shadow, Part 3 (Smoke and Shadow #3)",8.09,0,2,16,6d5300b2d8f37e07
"Bitch Planet, Vol. 1: Extraordinary Machine (Bitch Planet (Collected Editions))",7.92,0,2,16,bdf415fd484ea8a7
Bossypants,9.46,0,2,16,74baabfc8fd84b38
Burning,8.81,0,3,16,5ceb951f629700a2
Call the Nurse: True Stories of a Country Nurse on a Scottish Isle,9.14,0,5,16,bee3672891cca906
Camp Midnight,7.08,0,4,16,7b599c8bfcdd8d30
"Codename Baboushka, Volume 1: The Conclave of Death",6.72,0,4,16,8754c83ab2a7ae71
Crown of Midnight (Throne of Glass #2),3.29,0,3,16,7267864328ae8b9d
Danganronpa Volume 1,1.99,0,4,16,09b6cc87e62c2c58
"Don't Be a Jerk: And Other Practical Advice from Dogen, Japan's Greatest Zen Master",7.97,0,2,16,fce19f9b4a943f22
Security,9.25,0,2,16,6f78a0d744c35456
Everydata: The Misinformation Hidden in the Little Data You Consume Every Day,4.35,0,2,16,311c0dd0e354a33e
Fifty Shades Darker (Fifty Shades #2),1.96,0,1,16,7add3f8e49ec0826
First and First (Five Boroughs #3),5.97,0,4,16,9e28048cea8d41f7
Forever and Forever: The Courtship of Henry Longfellow and Fanny Appleton,9.69,0,3,16,9beb96a2300109d7
"Giant Days, Vol. 2 (Giant Days #5-8)",2.11,0,2,16,f2df3bb043a8abb0
Her Backup Boyfriend (The Sorensen Family #1),3.97,0,1,16,2a97cffe61c3c4c7
The Third Wave: An Entrepreneur’s Vision of the Future,2.61,0,5,15,3bebf34ee9330cbd
The Vacationers,2.15,0,4,15,fd3a622648667296
The Wedding Dress,4.12,0,1,15,623e1a180426039b
The White Cat and the Monk: A Retelling of the Poem “Pangur Bán”,8.08,0,4,15,37c0cb19713d8dda
Thirteen Reasons Why,2.72,0,1,15,bc2a85fd35fdc7bd
Thomas Jefferson and the Tripoli Pirates: The Forgotten War That Changed American History,9.64,0,1,15,de3f25248ba0789f
Throne of Glass (Throne of Glass #1),5.07,0,3,15,590a9cccf7db9f7d
Tracing Numbers on a Train,1.6,0,3,15,d7d6d50c1e3d0b81
The Stranger,7.44,0,4,15,f5a92cff83897d48
Tuesday Nights in 1980,1.04,0,2,15,b8736690cf263a3c
"William Shakespeare's Star Wars: Verily, A New Hope (William Shakespeare's Star Wars #4)",3.3,0,4,15,9270575728a13a61
You Are What You Love: The Spiritual Power of Habit,1.87,0,4,15,796c87ddbbaaf8c5
(Un)Qualified: How God Uses Broken People to Do Big Things,4.0,0,5,16,e4ac92d89b946781
A Court of Thorns and Roses (A Court of Thorns and Roses #1),2.37,0,1,16,01d2001ac1e6f8a3
A Fierce and Subtle Poison,8.13,0,4,16,842790dfaa937484
A Flight of Arrows (The Pathfinders #2),5.53,0,5,16,3a6fb983e2554023
"A Piece of Sky, a Grain of Rice: A Memoir in Four Meditations",6.76,0,5,16,8a380641491d43ed
The Shadow Hero (The Shadow Hero),3.14,0,1,15,d6361d16212664ed
The Cookies & Cups Cookbook: 125+ sweet & savory recipes reminding you to Always Eat Dessert First,1.25,0,1,15,96a38e7c813d8f1d
The Emerald Mystery,3.15,0,2,15,d6670dfe3e7b42bd
The Genius of Birds,7.24,0,1,15,42d0d7c92b75fc1c
The Girl on the Train,5.02,0,2,15,e956d67c9bcc5809
The Glittering Court (The Glittering Court #1),4.28,0,1,15,2dbb7ec08cdd7f3c
The House by the Lake,6.95,0,1,15,9287e238d7c3b06e
The Kite Runner,1.82,0,4,15,eac1a180047ad54e
The Long Shadow of Small Ghosts: Murder and Memory in an American City,0.97,0,1,15,abeafe151a587d3b
The Love and Lemons Cookbook: An Apple-to-Zucchini Celebration of Impromptu Cooking,7.6,0,2,15,e28e330cbdf01126
The Matchmaker's Playbook (Wingmen Inc. #1),5.85,0,1,15,08db62f24627e71f
The Mistake (Off-Campus #2),3.29,0,3,15,99ff4cc6491e8f5c
The Murder of Roger Ackroyd (Hercule Poirot #4),4.1,0,4,15,c7b5183f4d1d4efe
The Nerdy Nummies Cookbook: Sweet Treats for the Geek in All of Us,7.34,0,5,15,e4c7f3487d17fd42
The Omnivore's Dilemma: A Natural History of Four Meals,8.21,0,2,15,209adad1015af86f
The Power of Now: A Guide to Spiritual Enlightenment,3.54,0,2,15,8ec14b1576cb7cb5
The Project,0.65,0,1,15,790ef197c8f236f5
Mrs. Houdini,0.25,0,5,15,a40723994f715420
Night Sky with Exit Wounds,1.05,0,1,15,cfeb1e1e0e695b58
A Murder in Time,6.64,0,1,16,f733e8c19d40ec2e
"Nightingale, Sing",8.28,0,1,15,50b8f80311b31ede
Poems That Make Grown Women Cry,4.19,0,4,15,31001a1210623bd4
Poses for Artists Volume 1 - Dynamic and Sitting Poses: An Essential Reference for Figure Drawing and the Human Form,1.06,0,1,15,d9c643fa1fc57bdb
Redeeming Love,0.47,0,5,15,b53db2271c9624f7
Romero and Juliet: A Tragic Tale of Love and Zombies,6.94,0,1,15,e656e280bc8edd56
Scarlett Epstein Hates It Here,3.55,0,5,15,1c929cfd16b71907
Secrets and Lace (Fatal Hearts #1),0.27,0,1,15,ad04ad9fc179fc5d
Shoe Dog: A Memoir by the Creator of NIKE,3.99,0,2,15,0e0dcc3339602b28
So You've Been Publicly Shamed,2.23,0,2,15,1b33663ad7b95fd8
Soft Apocalypse,6.12,0,2,15,2a70769cdc6eb8b8
Something More Than This,6.24,0,4,15,ca71e72655bece85
The 10% Entrepreneur: Live Your Startup Dream Without Quitting Your Day Job,7.55,0,3,15,56e4f9eab2e8e674
Suddenly in Love (Lake Haven #1),5.99,0,2,15,203b7f94b7d6115f
The Argonauts,0.93,0,2,15,c99761a700ade23f
The Art of War,3.34,0,5,15,e7469e22b5bfb3e7
"Deliciously Ella Every Day: Quick and Easy Recipes for Gluten-Free Snacks, Packed Lunches, and Simple Meals",2.16,0,3,15,46c1530d7546ea6d
Doing It Over (Most Likely To #1),5.61,0,3,15,3a11bb962ff45b78
Done Rubbed Out (Reightman & Bailey #1),7.72,0,5,15,f6d967cdadc6fbd9
Drive: The Surprising Truth About What Motivates Us,4.95,0,4,15,6ffb36aaeff1c81e
Eureka Trivia 6.0,4.59,0,4,15,29c0025455f8c585
"Fables, Vol. 1: Legends in Exile (Fables #1)",1.62,0,4,15,65d034adf80834b7
Finders Keepers (Bill Hodges Trilogy #2),3.53,0,5,15,edb3097e71330040
First Steps for New Christians (Print Edition),9.0,0,1,15,2f88b08bf0a0e367
Follow You Home,1.36,0,1,15,8585760646e3aa2a
Frostbite (Vampire Academy #2),9.99,0,5,15,116a2fdc9a45bab0
Full Moon over Noah’s Ark: An Odyssey to Mount Ararat and Beyond,9.43,0,4,15,ce60436f52c5ee68
Grumbles,2.16,0,2,15,d163dd6c352fbcd2
Large Print Heart of the Pride,9.15,0,2,15,c1afd71fc86bf682
Library of Souls (Miss Peregrine’s Peculiar Children #3),8.56,0,5,15,ba54932df84e8cea
Why the Right Went Wrong: Conservatism--From Goldwater to the Tea Party and Beyond,2.65,0,4,14,2b5054a4192e9b06
Wild Swans,4.36,0,2,14,3fb15ace50d6142b
Hollow City (Miss Peregrine’s Peculiar Children #2),2.98,0,1,15,4ce91d31c1e57c33
"Wonder Woman: Earth One, Volume One (Wonder Woman: Earth One #1)",7.34,0,4,14,047097293bb4d1c0
I Had a Nice Time And Other Lies...: How to find love & sh*t like that,7.36,0,4,15,fd8585283fc7d2d7
You (You #1),3.61,0,5,14,024387ca4cafd5cc
Agnostic: A Spirited Manifesto,2.51,0,5,15,d195e7f4ed697350
Zealot: The Life and Times of Jesus of Nazareth,4.7,0,3,14,dd5bfa6cc2c0ecc3
Amatus,0.54,0,5,15,ffd54178acc9a6a5
Amid the Chaos,6.58,0,1,15,bb8245f52c7cce8f
Amy Meets the Saints and Sages,8.46,0,3,15,7ebfa6c1bee69e1e
Anonymous,6.82,0,4,15,d24b829be2ca81c4
Ayumi's Violin,5.48,0,2,15,05f7c6d9a4e582d3
Batman: The Long Halloween (Batman),6.5,0,2,15,7edc0527cf782e19
Batman: The Dark Knight Returns (Batman),5.38,0,5,15,47271d8e08b5d31c
Beauty Restored (Riley Family Legacy Novellas #3),1.11,0,2,15,3f69e667a67e54d9
Becoming Wise: An Inquiry into the Mystery and Art of Living,7.43,0,2,15,919e7cb2269a25d2
Big Magic: Creative Living Beyond Fear,0.8,0,3,15,1f329c2e7d7de8bd
"We Are Robin, Vol. 1: The Vigilante Business (We Are Robin #1)",3.9,0,1,14,92275cedf6d8ee15
The Songs of the Gods,4.48,0,5,14,00c4543ec6bd25b4
The Rosie Project (Don Tillman #1),4.04,0,1,14,012094e90a4b908d
The Song of Achilles,7.4,0,5,14,e88fb1c9397cfb27
The Star-Touched Queen,6.02,0,5,14,1528279aec1f3dce
The Testament of Mary,2.67,0,4,14,081305e6df719dff
The Time Keeper,7.88,0,5,14,e9906e2f0d189745
The Wedding Pact (The O'Malleys #2),2.61,0,3,14,c5cb9f885d8b3621
The White Queen (The Cousins' War #1),5.91,0,5,14,6875c5657661b2fb
The Wright Brothers,6.8,0,4,14,08b2f71d93836313
The Year of Magical Thinking,3.04,0,2,14,34c0d7c4ee5650af
This Is Where It Ends,7.12,0,2,14,f0f38174a7e689a3
Through the Woods,5.38,0,2,14,6e44bcbeac7f4360
Twenty Yawns,2.08,0,2,14,1d6443ffba9dfd80
"Unbroken: A World War II Story of Survival, Resilience, and Redemption",5.95,0,2,14,76c84daa539426e2
Until Friday Night (The Field Party #1),6.31,0,2,14,aba2db9afb1469c7
V for Vendetta (V for Vendetta Complete),7.1,0,4,14,4a1debca3135ff37
Walt Disney's Alice in Wonderland,2.96,0,5,14,6a31307a81e8f3a8
What's It Like in Space?: Stories from Astronauts Who've Been There,9.6,0,2,14,6fd646a334e6e133
Whole Lotta Creativity Going On: 60 Fun and Unusual Exercises to Awaken and Strengthen Your Creativity,8.2,0,4,14,44a10f1ac8ce822e
Take Me with You,5.21,0,3,14,2c04320e110a14a3
"Shobu Samurai, Project Aryoku (#3)",9.06,0,3,15,0c27e6c3744fc14b
Tastes Like Fear (DI Marnie Rome #3),0.69,0,1,14,2d1e337aaf341858
That Darkness (Gardiner and Renner #1),3.92,0,1,14,0c7b9cf2b7662b65
The 14th Colony (Cotton Malone #11),9.24,0,1,14,1b8187fa4bf6ab05
The Bad-Ass Librarians of Timbuktu: And Their Race to Save the World’s Most Precious Manuscripts,5.77,0,1,14,923831a05c9f91f7
The Bane Chronicles (The Bane Chronicles #1-11),4.73,0,4,14,dc6f688b82e42a5b
The Darkest Lie,5.35,0,5,14,6edacfd1f8ebb9eb
The Dovekeepers,8.78,0,1,14,3d76bc83c6b644c9
The Guilty (Will Robie #4),3.82,0,2,14,847935fc68707426
The Help Yourself Cookbook for Kids: 60 Easy Plant-Based Recipes Kids Can Make to Stay Healthy and Save the Earth,8.77,0,3,14,ddc8340dabc8641b
The Hidden Oracle (The Trials of Apollo #1),2.26,0,2,14,992974ba6a0536ea
The Immortal Life of Henrietta Lacks,0.67,0,2,14,f72f61ad6a5f12ed
The Last Mile (Amos Decker #2),4.21,0,2,14,3bc89353f7e3a3cc
The Literature Book (Big Ideas Simply Explained),7.43,0,3,14,4881cc53f6c8892f
"Naruto (3-in-1 Edition), Vol. 14: Includes Vols. 40, 41 & 42 (Naruto: Omnibus #14)",8.39,0,2,14,71e36f33981ddb74
No Dream Is Too High: Life Lessons From a Man Who Walked on the Moon,1.95,0,2,14,132ec5e8c984adef
Old School (Diary of a Wimpy Kid #10),1.83,0,5,14,02b74068fa98d8a4
Once Was a Time,8.28,0,2,14,e34efcc824685332
"Overload: How to Unplug, Unwind, and Unleash Yourself from the Pressure of Stress",2.15,0,3,14,8ecf0356a3878811
Pet Sematary,0.56,0,3,14,af58a74e4b2a23a0
"Quarter Life Poetry: Poems for the Young, Broke and Hangry",0.89,0,5,14,aa35446aab16017f
Rain Fish,3.57,0,3,14,a6454e329f872b78
"Red Hood/Arsenal, Vol. 1: Open for Business (Red Hood/Arsenal #1)",5.48,0,2,14,31e2e2d9cca3778f
Robin War,7.82,0,3,14,85b2176b3b194030
salt.,6.78,0,4,14,86cbddb61ea78bb7
See America: A Celebration of Our National Parks & Treasured Sites,8.87,0,3,14,f9705c362f070608
Shtum,5.84,0,4,14,830fb3967c74866d
"So Cute It Hurts!!, Vol. 6 (So Cute It Hurts!! #6)",5.43,0,4,14,394f6d30cafc3edb
Someone Like You (The Harrisons #2),2.79,0,5,14,a278db6b2b09cf9f
Sorting the Beef from the Bull: The Science of Food Fraud Forensics,4.74,0,4,14,3edcccc4f341fb1a
Steve Jobs,9.5,0,5,14,95019eac1c0a052f
Still Life with Bread Crumbs,6.41,0,3,14,fe44cc816576c652
Superman Vol. 1: Before Truth (Superman by Gene Luen Yang #1),1.89,0,5,14,ac8e3949d284e9a9
My Name Is Lucy Barton,1.56,0,1,14,727bf2b86b19ad88
"Hush, Hush (Hush, Hush #1)",7.02,0,3,14,6b6cd77fbc91b7a6
"Hyperbole and a Half: Unfortunate Situations, Flawed Coping Mechanisms, Mayhem, and Other Things That Happened",4.75,0,5,14,fbb21a2f71f4d981
I Am Pilgrim (Pilgrim #1),0.6,0,4,14,aeff7b87a8e83ebb
I Know What I'm Doing -- and Other Lies I Tell Myself: Dispatches from a Life Under Construction,5.98,0,4,14,b8a8ff84233f0570
Island of Dragons (Unwanteds #7),9.65,0,1,14,2b52334fab158861
"It's All Easy: Healthy, Delicious Weeknight Meals in under 30 Minutes",9.55,0,1,14,245e6bf08b8d2955
Lady Midnight (The Dark Artifices #1),6.28,0,5,14,708345c9897fd7c5
"Living Leadership by Insight: A Good Leader Achieves, a Great Leader Builds Monuments",6.91,0,4,14,17fb5a88180f9904
Let It Out: A Journey Through Journaling,6.79,0,5,14,1174156c4a0eccaa
Looking for Lovely: Collecting the Moments that Matter,9.14,0,5,14,24af96df0bafb925
Love Is a Mix Tape (Music #1),8.03,0,1,14,adb5f51c2e2ab13f
Lowriders to the Center of the Earth (Lowriders in Space #2),1.51,0,2,14,a10c7515834240f3
Luckiest Girl Alive,9.83,0,3,14,d512871626a5e588
Luis Paints the World,3.95,0,3,14,5b43cae640f2338a
Made to Stick: Why Some Ideas Survive and Others Die,8.85,0,5,14,b96fc7a0ea7d4b45
More Than Music (Chasing the Dream #1),7.61,0,2,14,47d47155e89c8be7
Mr. Mercedes (Bill Hodges Trilogy #1),8.9,0,1,14,caa2e5b3fb1b2d4c
My Kind of Crazy,0.36,0,1,14,137b0b2775701e11
My Mrs. Brown,4.48,0,3,14,cc82685d9f49bc2c
Hold Your Breath (Search and Rescue #1),8.82,0,1,14,0b165bd4b9f42fd5
Cometh the Hour (The Clifton Chronicles #6),5.01,0,3,14,28cf0d1c51b491e5
Crazy Love: Overwhelmed by a Relentless God,7.72,0,2,14,4b9d9cfe0f435788
Daily Fantasy Sports,6.58,0,1,14,0e94a089328be4bc
Dear Mr. Knightley,1.21,0,5,14,94a958ea126cdcd5
Demigods & Magicians: Percy and Annabeth Meet the Kanes (Percy Jackson & Kane Chronicles Crossover #1-3),7.51,0,5,14,3c6fe637a0180b01
Doctor Sleep (The Shining #2),0.12,0,2,14,bf5de316a5e9a4ab
Don't Get Caught,5.35,0,1,14,ad2887ce04583910
"Eat Fat, Get Thin",4.07,0,2,14,047dfa57ba0bf638
"Eaternity: More than 150 Deliciously Easy Vegan Recipes for a Long, Healthy, Satisfied, Joyful Life",1.75,0,5,14,a01f6d368ef64dc5
Eight Hundred Grapes,4.39,0,4,14,1d6dd0c87d90fe92
El Deafo,7.62,0,5,14,27c5968fe43cc06e
Eligible (The Austen Project #4),7.09,0,3,14,9eaf58b03a2779cc
Every Last Word,6.47,0,3,14,a2bd4ca82d908442
The First Hostage (J.B. Collins #2),5.85,0,3,14,a86972014275e072
"Far & Away: Places on the Brink of Change: Seven Continents, Twenty-Five Years",5.06,0,4,14,ac4dde0d1be05de0
Feathers: Displays of Brilliant Plumage,9.05,0,3,14,9194ae88379dbf1a
Glory over Everything: Beyond The Kitchen House,5.84,0,3,14,de4b403cb629a29f
God: The Most Unpleasant Character in All Fiction,0.03,0,5,14,eec424a84c9e4c68
Greek Mythic History,0.23,0,5,14,f201f263d8c23f97
Hamilton: The Revolution,8.79,0,3,14,afa829857f82f99e
Angels Walking (Angels Walking #1),4.2,0,2,14,1fbb5f786e53a0ce
Aristotle and Dante Discover the Secrets of the Universe (Aristotle and Dante Discover the Secrets of the Universe #1),8.14,0,4,14,41164b8ac02a2c42
Art Ops Vol. 1,8.8,0,3,14,ffdc825785c0ede8
Balloon Animals,7.03,0,3,14,9b65f676984c9f0c
Barefoot Contessa at Home: Everyday Recipes You'll Make Over and Over Again,0.62,0,5,14,0e0da9192a025efc
Barefoot Contessa Back to Basics,8.01,0,1,14,999912e63a3262ae
Batman: Europa,2.01,0,2,14,bf68dcb5fad3cc8c
Brain on Fire: My Month of Madness,9.32,0,5,14,a80f66b254fe9eb3
Buying In: The Secret Dialogue Between What We Buy and Who We Are,7.8,0,4,14,16ef91b9d827859c
Carrie,6.23,0,2,14,5f22418922fa728b
"Carry On, Warrior: Thoughts on Life Unarmed",1.85,0,3,14,1b0fc9f777cad045
Catching Jordan (Hundred Oaks),0.83,0,3,14,e2e7b683b4c15b7d
Cell,0.29,0,4,14,bfbb54bc8cdeed2b
City of Ashes (The Mortal Instruments #2),7.27,0,1,14,8a6ec2761f91dad2
City of Bones (The Mortal Instruments #1),3.28,0,1,14,5b987e54ee72525c
City of Fallen Angels (The Mortal Instruments #4),1.23,0,4,14,1e264c677d4ee4ae
The Silent Sister (Riley MacPherson #1),6.29,0,5,12,ce1ae197ada2aec4
The Star-Touched Queen,2.3,0,5,12,4a7a25be293ad678
Tipping Point for Planet Earth: How Close Are We to the Edge?,7.55,0,1,12,148715df5a02ea5e
Will You Won't You Want Me?,3.86,0,3,12,077b635ff2afc578
13 Hours: The Inside Account of What Really Happened In Benghazi,7.06,0,1,13,4be9d1910f8a4e80
My Kitchen Year: 136 Recipes That Saved My Life,1.53,0,2,13,8bbd7df8a324f31d
Rook,7.86,0,4,13,44d97b6707dae3f0
"The Three Searches, Meaning, and the Story",3.33,0,3,13,ac5e0d3938caf686
Searching for Meaning in Gailana,8.73,0,1,13,2f0213137a80d485
1491: New Revelations of the Americas Before Columbus,1.8,0,3,14,6e8e5626ac4d279e
A Brush of Wings (Angels Walking #3),5.51,0,1,14,01a177623cce9596
A Distant Mirror: The Calamitous 14th Century,4.58,0,3,14,d5e0526e1ab682a3
A Man Called Ove,9.72,0,1,14,8682c03de6a844ff
A People's History of the United States,0.79,0,2,14,1ad06aed9349af46
"A Series of Catastrophes and Miracles: A True Story of Love, Science, and Cancer",6.48,0,2,14,c1379d3744f1dd2c
A Study in Scarlet (Sherlock Holmes #1),6.73,0,2,14,63ee5bc46066a8a8
A Time of Torment (Charlie Parker #14),8.35,0,5,14,4416c474713ec1f5
How to Speak Golf: An Illustrated Guide to Links Lingo,8.32,0,5,12,b978c9852cde91bd
"Love, Lies and Spies",0.55,0,2,12,9546d537fbf99eb6
Most Wanted,5.28,0,3,12,c039f5aceb093537
Murder at the 42nd Street Library (Raymond Ambler #1),4.36,0,4,12,e7fe3bf2768602cf
No Love Allowed (Dodge Cove #1),4.65,0,4,12,db84624b151cbe06
Abstract City,6.37,0,5,14,cf1aa2fc02a7d1e0
One with You (Crossfire #5),5.71,0,4,12,81ef44fcc5f454df
Poisonous (Max Revere Novels #3),6.8,0,3,12,abdd91e96515a617
Psycho: Sanitarium (Psycho #1.5),6.97,0,5,12,b8d7b3f5c7a95d65
Quench Your Own Thirst: Business Lessons Learned Over a Beer or Two,3.14,0,1,12,8976d9161c027142
Raspberry Pi Electronics Projects for the Evil Genius,9.67,0,4,12,ebf81a62e4798fd1
Snatched: How A Drug Queen Went Undercover for the DEA and Was Kidnapped By Colombian Guerillas,1.21,0,3,12,f40fea200e0c644f
Stars Above (The Lunar Chronicles #4.5),8.05,0,2,12,b63ea3f7a57ae099
The Children,1.88,0,3,12,64fd010bf8d15096
The Diary of a Young Girl,9.9,0,3,12,54fc03f1e1d355db
The Epidemic (The Program 0.6),4.44,0,5,12,f732d7d18a91d2ba
The Golden Condom: And Other Essays on Love Lost and Found,9.43,0,1,12,235fa48eeed11d82
The Dinner Party,6.54,0,2,12,c6ca293d4810e0d5
The Gray Rhino: How to Recognize and Act on the Obvious Dangers We Ignore,9.15,0,4,12,3063c7e95d0bf76f
Off the Hook (Fishing for Trouble #1),7.67,0,3,11,b783ce08802cd1d1
Playing with Fire,3.71,0,3,11,05a61a3bd8ca4149
"Setting the World on Fire: The Brief, Astonishing Life of St. Catherine of Siena",1.15,0,2,11,b06599b108e83f98
Sleeping Giants (Themis Files #1),8.74,0,1,11,f435aa99d864077d
Take Me Home Tonight (Rock Star Romance #3),3.98,0,3,11,cf62fa272b5f0fa3
The Art of Startup Fundraising,1.0,0,3,11,1c584f82a7a1c4f0
The Improbability of Love,9.45,0,1,11,437d8dea9272d0a9
"The Sleep Revolution: Transforming Your Life, One Night at a Time",1.68,0,4,11,985991708c47003e
The Widow,7.26,0,2,11,6159d8b187831770
Troublemaker: Surviving Hollywood and Scientology,8.39,0,2,11,515cb8fcafb1ad98
"A la Mode: 120 Recipes in 60 Pairings: Pies, Tarts, Cakes, Crisps, and More Topped with Ice Cream, Gelato, Frozen Custard, and More",8.77,0,1,12,a4eef523118805ef
A Paris Apartment,9.01,0,4,12,63343e287971bb0c
Boar Island (Anna Pigeon #19),9.48,0,3,12,49b24c6a41b82bd2
Can You Keep a Secret? (Fear Street Relaunch #4),8.64,0,1,12,d069086944f2e330
Dirty (Dive Bar #1),0.83,0,4,12,df7e628bad5782b4
Eleanor & Park,6.51,0,5,12,6983328f15506cb9
10-Day Green Smoothie Cleanse: Lose Up to 15 Pounds in 10 Days!,9.71,0,5,10,96aa539bfd4c07e2
"10% Happier: How I Tamed the Voice in My Head, Reduced Stress Without Losing My Edge, and Found Self-Help That Actually Works",4.57,0,2,10,34669b2e9d407d3a
11/22/63,8.48,0,3,11,a9d7b75461084a26
A Mother's Reckoning: Living in the Aftermath of Tragedy,9.53,0,3,11,2b69dec0193511d9
Adultery,0.88,0,5,11,bb967277222e689c
Arena,1.36,0,4,11,2c34f9432069b52b
Born for This: How to Find the Work You Were Meant to Do,1.59,0,5,11,816180220e8cb419
Cravings: Recipes for What You Want to Eat,0.5,0,3,11,2587c54f5530dafc
Daredevils,6.34,0,3,11,f608c903c451f387
A Gentleman's Position (Society of Gentlemen #3),4.75,0,5,11,40c4bf520c17de54
"Exit, Pursued by a Bear",1.34,0,4,11,c65c25d990fc7025
Grey (Fifty Shades #4),8.49,0,4,11,b5953ca1f8a0b8d7
It Didn't Start with You: How Inherited Family Trauma Shapes Who We Are and How to End the Cycle,6.27,0,3,11,ce8666d9b42fc9a0
Keep Me Posted,0.46,0,4,11,20dc4f1ac5d4fd9c
Lab Girl,0.85,0,1,11,825d6c44da3ca5a6
Lies and Other Acts of Love,5.14,0,1,11,469508882dfc1991
Lilac Girls,7.28,0,2,11,bade9943ee01b63f
M Train,7.18,0,1,11,5569c3fea112718e
Don't Forget Steven,3.23,0,1,9,e845d305f64154f1
"Fruits Basket, Vol. 9 (Fruits Basket #9)",3.95,0,4,9,97187f5cf0385da3
Dress Your Family in Corduroy and Denim,3.68,0,3,9,7e9068872228c474
If I Gave You God's Phone Number....: Searching for Spirituality in America,0.91,0,1,9,8fab4c4f6f82a4ce
Modern Day Fables,7.44,0,2,9,6baac632f7711e26
"NaNo What Now? Finding your editing process, revising your NaNoWriMo book and building a writing career through publishing and beyond",0.41,0,4,9,ee6c67859d70186b
Nap-a-Roo,5.08,0,1,9,913e7109cec0cb4c
Suzie Snowflake: One beautiful flake (a self-esteem story),4.81,0,5,9,0e095ed785af7e43
"The Fabric of the Cosmos: Space, Time, and the Texture of Reality",5.91,0,1,9,ca74f2e3c35a3e77
The Alien Club,4.4,0,1,9,e77594ece9b9d1fe
The Book of Mormon,4.57,0,3,9,3f25a2fedae191cc
The Art and Science of Low Carbohydrate Living,2.98,0,5,9,f9c87ccb2bc4853b
Angels & Demons (Robert Langdon #1),1.48,0,3,14,ad41c24ccac0c7ce
The Flowers Lied,6.68,0,2,9,33396269bcce166f
"The Moosewood Cookbook: Recipes from Moosewood Restaurant, Ithaca, New York",2.34,0,4,9,65cfc9f242c2984a
The New Brand You: Your New Image Makes the Sale for You,4.05,0,5,9,4b50fb1359ebf35d
The Shack,8.03,0,1,9,903a9f8090104c2c
Shadows of the Past (Logan Point #1),9.67,0,5,8,bee6e93e9976f4fa
Silence in the Dark (Logan Point #4),8.33,0,3,8,e46a164cf310fd7d
South of Sunshine,8.93,0,1,8,331c26103d885cae
The E-Myth Revisited: Why Most Small Businesses Don't Work and What to Do About It,6.91,0,1,8,a2308a936e898d48
The Grownup,5.88,0,1,8,1bba4b1ba23ed2d6
The High Mountains of Portugal,1.15,0,1,8,4f283dfcbeccc0d4
The Martian (The Martian #1),1.39,0,2,8,9afd00e81d6208e6
"The Midnight Assassin: Panic, Scandal, and the Hunt for America's First Serial Killer",8.45,0,4,8,5a0d2e9284004266
The New Drawing on the Right Side of the Brain,3.02,0,3,8,3eec766dda26fa64
The Unlikely Pilgrimage of Harold Fry (Harold Fry #1),3.62,0,5,8,e0bdd79c7304ee8d
Vagabonding: An Uncommon Guide to the Art of Long-Term World Travel,6.94,0,2,8,1809259a5a5f1d8d
When Breath Becomes Air,9.36,0,2,8,b69c852e7e3956af
Why Not Me?,7.76,0,1,8,04f6c929888f4f11
"Zero to One: Notes on Startups, or How to Build the Future",4.06,0,3,8,e77033ce559947f7
23 Degrees South: A Tropical Tale of Changing Whether...,5.79,0,2,9,61cf7eb9d2cd8bb0
A Hero's Curse (The Unseen Chronicles #1),0.49,0,3,9,c181ca8eabe7d18c
A Shard of Ice (The Black Symphony Saga #1),6.63,0,3,9,63d5f1651880dcea
Art and Fear: Observations on the Perils (and Rewards) of Artmaking,8.63,0,4,9,d6d9ffea95f2f8bf
Chernobyl 01:23:40: The Incredible True Story of the World's Worst Nuclear Disaster,5.92,0,2,9,7186241e043de5dc
History of Beauty,0.29,0,4,8,8a150fd8ff5d7686
Hystopia: A Novel,1.96,0,4,8,0bfdef63285d3019
Howl and Other Poems,0.45,0,2,8,b7870fa6dc088fbb
I Will Find You,4.21,0,1,8,bbf1ea50be8008ab
I'll Give You the Sun,6.48,0,1,8,0ab4b35dcffcffd1
John Vassos: Industrial Design for Modern Life,0.22,0,4,8,bd26e8a79a856c31
Kierkegaard: A Christian Missionary to Christians,7.13,0,1,8,0cf57cb49272fd37
Kill 'Em and Leave: Searching for James Brown and the American Soul,5.05,0,5,8,39eefec3a8498dde
Left Behind (Left Behind #1),0.72,0,2,8,29af1a2566c4e36e
Les Fleurs du Mal,9.04,0,5,8,c44c5e1425475206
Living Forward: A Proven Plan to Stop Drifting and Get the Life You Want,2.55,0,3,8,044534b0b28b4e87
Man's Search for Meaning,9.48,0,3,8,4729afff3bea0f0a
Out of Print: City Lights Spotlight No. 14,3.64,0,5,8,c0fc0cd215ee1724
Please Kill Me: The Uncensored Oral History of Punk,1.19,0,4,8,4a823d80aa30dbb0
Proofs of God: Classical Arguments from Tertullian to Barth,4.21,0,1,8,d56d0710668bb39c
Rising Strong,1.82,0,3,8,52fc458ffc756faf
The Whale,5.96,0,4,7,0ff9d10864db8364
Miller's Valley,8.54,0,2,8,bff270fe9c86a5a9
The Year of Living Biblically: One Man's Humble Quest to Follow the Bible as Literally as Possible,4.72,0,1,7,4a0b78598b42897a
Toddlers Are A**holes: It's Not Your Fault,5.55,0,1,7,4242cc3d0437db12
"Love That Boy: What Two Presidents, Eight Road Trips, and My Son Taught Me About a Parent's Expectations",5.06,0,2,8,4d3a4c7b442a9a4e
Under the Tuscan Sun,7.33,0,3,7,a94350ee74deaa07
Unreasonable Hope: Finding Faith in the God Who Brings Purpose to Your Pain,6.33,0,2,7,48cb52d78c992487
Wildlife of New York: A Five-Borough Coloring Book,2.14,0,2,7,b46d022080543144
You Are a Badass: How to Stop Doubting Your Greatness and Start Living an Awesome Life,2.08,0,3,7,88ec621893e595d0
"""Most Blessed of the Patriarchs"": Thomas Jefferson and the Empire of the Imagination",4.48,0,5,8,f16c2edb2a603f92
What Happened on Beale Street (Secrets of the South Mysteries #2),5.37,0,5,7,9735c969c652dd89
32 Yolks,3.63,0,2,8,b1a227b7609ff263
"A Murder Over a Girl: Justice, Gender, Junior High",3.2,0,3,8,fef91502cbacf23a
Being Mortal: Medicine and What Matters in the End,5.06,0,4,8,15ebd83e53d0391b
My Life Next Door (My Life Next Door ),6.39,0,5,8,9a7291b89bd5445c
Between the World and Me,6.91,0,4,8,04e3de7ac35ec5cd
Brilliant Beacons: A History of the American Lighthouse,1.45,0,3,8,7f5157bf53065d36
Playing from the Heart,2.38,0,1,7,68008abf6409dfde
Raymie Nightingale,4.41,0,2,7,31c56c4d0fe19340
Smarter Faster Better: The Secrets of Being Productive in Life and Business,8.89,0,5,8,a2475a245c9907c4
"Rich Dad, Poor Dad",1.74,0,1,7,8486f61aa81a3daa
"Shrunken Treasures: Literary Classics, Short, Sweet, and Silly",2.87,0,3,7,9639e89d20228e6e
Sister Dear,0.2,0,4,7,7ffebdd1d5148aef
"Sit, Stay, Love",0.9,0,3,7,bd087cf6a846db75
Steal Like an Artist: 10 Things Nobody Told You About Being Creative,0.9,0,2,7,8776181be110838a
Team of Rivals: The Political Genius of Abraham Lincoln,0.12,0,5,7,ba047a636b7d3793
The Art Book,2.34,0,2,7,4b8fa561a1e52d1c
The Bachelor Girl's Guide to Murder (Herringford and Watts Mysteries #1),2.3,0,5,7,20789fb17b423c4c
The Bourne Identity (Jason Bourne #1),2.78,0,4,7,d250657f0ebc5d73
The Constant Princess (The Tudor Court #1),6.62,0,3,7,24933c712f0bca2f
The Drowning Girls,5.67,0,3,7,7a10353c9c54cf7c
The Glass Castle,6.24,0,1,7,47f4fd3e8e1dac05
The Good Girl,9.03,0,3,7,f935412970c9f58f
Brazen: The Courage to Find the You That's Been Hiding,9.22,0,2,8,77e9ea355bd8ae57
The Great Gatsby,6.05,0,4,7,a8dbf1c6b41b885a
Nightstruck: A Novel,0.35,0,4,7,746029796363aa51
The Faith of Christopher Hitchens: The Restless Soul of the World's Most Notorious Atheist,9.55,0,1,7,57f85720e54d6442
Blue Like Jazz: Nonreligious Thoughts on Christian Spirituality,5.77,0,1,7,a322361a37a78d3d
"Chronicles, Vol. 1",2.6,0,2,7,4781b6bfd6f7a2c5
Counted With the Stars (Out from Egypt #1),7.97,0,5,7,4807043b8218e9ce
Delivering the Truth (Quaker Midwife Mystery #1),0.89,0,4,7,4e980425468708da
Every Heart a Doorway (Every Heart A Doorway #1),2.16,0,5,7,4fa75fc6829431ca
Finding God in the Ruins: How God Redeems Pain,6.64,0,2,7,4e78f06160b717ac
For the Love: Fighting for Grace in a World of Impossible Standards,5.13,0,3,7,2e40333991f56f45
How to Be a Domestic Goddess: Baking and the Art of Comfort Cooking,8.25,0,2,7,eff5710404e2ff78
"Fruits Basket, Vol. 7 (Fruits Basket #7)",9.57,0,1,7,de6d7645f192d517
Good in Bed (Cannie Shapiro #1),7.05,0,5,7,c00bc29a678a6efb
How to Cook Everything Vegetarian: Simple Meatless Recipes for Great Food (How to Cook Everything),6.01,0,4,7,2a9fcb3382d351c8
King's Folly (The Kinsman Chronicles #1),9.61,0,5,7,4c82371b8cd02d4d
Life of Pi,3.22,0,4,7,40cdcbb7692fd408
The Collected Poems of W.B. Yeats (The Collected Works of W.B. Yeats #1),5.42,0,5,6,3d250ab0f12be445
The Fellowship of the Ring (The Lord of the Rings #1),0.27,0,2,6,cb17945cb90b7837
The Girl You Left Behind (The Girl You Left Behind #1),5.79,0,1,6,eb7459e0c570251d
Leave This Song Behind: Teen Poetry at Its Best,1.17,0,5,7,b74ee891e2a6dd69
The Golden Compass (His Dark Materials #1),8.77,0,1,6,d33824cb93ecab6f
The Great Railway Bazaar,0.54,0,1,6,48736df57e7bec9f
The God Delusion,6.85,0,3,6,2bc80eba94950873
The Hobbit (Middle-Earth Universe),7.8,0,5,6,72b5355dda190b6a
John Adams,7.43,0,4,7,68407606544d6f22
The Invention of Wings,7.34,0,1,6,e6635f5b0a2c78db
The Joy of Cooking,3.27,0,4,6,d326e189b1210916
The Makings of a Fatherless Child,1.58,0,2,6,2efa5a839e62b1bd
The Mysterious Affair at Styles (Hercule Poirot #1),4.8,0,4,6,2da5edf8b5776c9a
The Man Who Mistook His Wife for a Hat and Other Clinical Tales,9.45,0,4,6,60376aa71be66083
The Perks of Being a Wallflower,5.02,0,3,6,fd364afd082f5446
The Rise and Fall of the Third Reich: A History of Nazi Germany,9.67,0,2,6,774fa432bd7d9c47
The Sound Of Love,7.84,0,5,6,5ba3d703d1ae0c1d
A Gathering of Shadows (Shades of Magic #2),4.81,0,4,7,d1378a0ad06ff979
A Year in Provence (Provence #1),6.88,0,4,6,9e60929f521fa280
An Unquiet Mind: A Memoir of Moods and Madness,1.3,0,3,6,46cb43c2ab133ccc
Better Homes and Gardens New Cook Book,9.61,0,3,6,faf841f81c52638b
Catherine the Great: Portrait of a Woman,8.55,0,4,6,f3c70d296ec796c4
"Death Note, Vol. 6: Give-and-Take (Death Note #6)",6.39,0,3,6,6e06d0f00f6da20f
Deception Point,0.32,0,4,6,4e3b183180e2a992
"Fruits Basket, Vol. 6 (Fruits Basket #6)",0.96,0,4,6,97258f576d4bb672
"Girl, Interrupted",2.14,0,3,6,384c7d41d5ffe9d1
Fun Home: A Family Tragicomic,6.59,0,4,6,56a34d0cec11d6b0
Give It Back,8.32,0,2,6,012170e4fc87ace0
How to Stop Worrying and Start Living,6.49,0,5,6,e792c0969cefe1b8
In Cold Blood,9.98,0,4,6,fe0f34ebed689381
In the Woods (Dublin Murder Squad #1),8.38,0,2,6,6958de044cb28a84
Musicophilia: Tales of Music and the Brain,6.58,0,1,6,6d235933670503d9
Pride and Prejudice,9.27,0,4,6,720c36b2bee4692e
Ship Leaves Harbor: Essays on Travel by a Recovering Journeyman,0.6,0,3,6,8d8e9f9b8730eb25
Tell the Wolves I'm Home,0.96,0,2,6,2a1b3d967cda1da2
The Metamorphosis,8.58,0,1,5,93379e3a2072a01b
Me Before You (Me Before You #1),9.02,0,1,6,7a2b51f69e81c722
Mere Christianity,8.51,0,3,6,f38f37ed934d84b2
The False Prince (The Ascendance Trilogy #1),6.0,0,5,5,a2a9f76339d21ab1
The Fault in Our Stars,7.22,0,1,5,3661360c99719414
The Firm,5.56,0,3,5,ad84f18659e6bfe2
The Grand Design,3.76,0,3,5,3213b1f13f5f0f7c
The Hiding Place,5.91,0,4,5,c4589ee5977a47be
The Little Paris Bookshop,4.73,0,3,5,dfd9ff1f343cdaff
The Mathews Men: Seven Brothers and the War Against Hitler's U-boats,2.91,0,5,5,0d210d2448c3018f
The Power Greens Cookbook: 140 Delicious Superfood Recipes,1.05,0,5,5,f701fae56b645ef7
The Expatriates,4.58,0,2,5,fe7210553d56c097
The Raven Boys (The Raven Cycle #1),7.74,0,4,5,e0b3a679b83caccc
The Raven King (The Raven Cycle #4),0.57,0,2,5,2e4fc5eacceec12c
The Secret Garden,5.08,0,4,5,abbb492978ff656d
This Is Your Brain on Music: The Science of a Human Obsession,8.4,0,1,5,bc209a900101f28d
Two Summers,4.64,0,1,5,3a7d54a264d9f33e
What If?: Serious Scientific Answers to Absurd Hypothetical Questions,3.68,0,4,5,163d89116179c33f
Why Save the Bankers?: And Other Essays on Our Economic and Political Crisis,8.67,0,2,5,759ee7d059b1beb8
Kill the Boy Band,5.52,0,5,5,44f545727e704187
Killing Floor (Jack Reacher #1),1.49,0,4,5,8dde2ff3f6fcc0a3
Last One Home (New Beginnings #1),9.98,0,3,5,07e6810fd3236bda
Where She Went (If I Stay #2),1.73,0,4,5,60369d96b7b80869
Logan Kade (Fallen Crest High #5.5),3.12,0,2,5,7093cf549cd2e7de
Lola and the Boy Next Door (Anna and the French Kiss #2),3.63,0,4,5,5e1a88d248599768
Maybe Something Beautiful: How Art Transformed a Neighborhood,2.54,0,1,5,81c68492ccd72941
Mexican Today: New and Rediscovered Recipes for Contemporary Kitchens,4.91,0,5,5,12a90b90283b2e6d
My Mother Was Nuts,1.63,0,4,5,a4ce39a3720cd679
Peak: Secrets from the New Science of Expertise,6.28,0,2,5,6036239d2ab349b7
Red Dragon (Hannibal Lecter #1),3.37,0,3,5,e958ae92f328c181
Remember Me?,1.48,0,3,5,2973d38c2fbd7a5c
Shiver (The Wolves of Mercy Falls #1),6.23,0,5,5,59a8ae019b64f2a7
Siddhartha,4.22,0,5,5,84bb29c53592ac40
Talking to Girls About Duran Duran: One Young Man's Quest for True Love and a Cooler Haircut,5.15,0,4,5,1dba84766a5e87b8
Tell Me Three Things,1.81,0,1,5,50d5a7b861ed1c54
Tell the Wind and Fire,5.51,0,3,5,84126312e2431a09
"Death Note, Vol. 5: Whiteout (Death Note #5)",2.41,0,1,5,1c0a38899c82b60a
America's War for the Greater Middle East: A Military History,1.22,0,2,5,add33db6ff80db24
An Abundance of Katherines,0.0,0,5,5,f36d24c309e87e5b
Approval Junkie: Adventures in Caring Too Much,8.81,0,5,5,612369a5947a012e
"Blue Lily, Lily Blue (The Raven Cycle #3)",4.13,0,5,5,ad5e078beceaeb4a
The 5th Wave (The 5th Wave #1),1.83,0,2,5,b716233fcb6877e6
Booked,7.49,0,5,5,b54d7416bb445989
Critique of Pure Reason,0.75,0,1,5,429b4a811bef386c
"Data, A Love Story: How I Gamed Online Dating to Meet My Match",2.35,0,3,5,bcf567421c581f0a
Digital Fortress,8.0,0,5,5,94bb629a3f6dd00b
Dracula the Un-Dead,5.63,0,5,5,e46b1074b99ac4b6
Evicted: Poverty and Profit in the American City,2.27,0,1,5,75cc85cdbe9ad46b
Find Her (Detective D.D. Warren #8),2.37,0,1,5,b28c7d07afa7063b
Fool Me Once,6.96,0,1,5,630e766f0a1987dd
Foundation (Foundation (Publication Order) #1),2.42,0,1,5,3fc124f59f3068e4
Some Women,3.73,0,5,4,31f5bbf4974d29c9
The Beast (Black Dagger Brotherhood #14),6.08,0,5,4,8930013d06942df1
Drama,8.7,0,2,5,d5ad4c92d8bf26c9
The Bone Hunters (Lexy Vaughan & Steven Macaulay #2),9.71,0,3,4,9c4d061c1e2fe6bf
"The Demon Prince of Momochi House, Vol. 4 (The Demon Prince of Momochi House #4)",7.88,0,2,4,df53c2948b32bde3
The Demonists (Demonist #1),2.11,0,2,4,ff2dffba388d9922
The Geography of Bliss: One Grump's Search for the Happiest Places in the World,8.23,0,2,4,c65ee14957c0fa5c
The Gunning of America: Business and the Making of American Gun Culture,6.81,0,4,4,45033bdf3d9ed158
The Hound of the Baskervilles (Sherlock Holmes #5),4.82,0,2,4,6587f46697fc4443
The Hunger Games (The Hunger Games #1),9.85,0,5,4,6d2f70d9424f41a1
The Jazz of Physics: The Secret Link Between Music and the Structure of the Universe,8.71,0,3,4,6a57286a8890d8c5
The Passion of Dolssa,8.32,0,5,4,011674f4a3834b8d
The Perfect Play (Play by Play #1),9.99,0,3,4,9cc207168a03470d
The Pilgrim's Progress,0.26,0,2,4,6053ddf69c967d5f
The Shining (The Shining #1),7.88,0,3,4,d4de23aa98acc65b
Vogue Colors A to Z: A Fashion Coloring Book,2.35,0,4,4,a8f4577a48023344
A Clash of Kings (A Song of Ice and Fire #2),0.79,0,3,5,89a89e76f3516357
A Feast for Crows (A Song of Ice and Fire #4),7.21,0,4,5,f2c8f4b4c94d5c5c
Shopaholic Ties the Knot (Shopaholic #3),8.39,0,5,4,38199c5d7da0c0ef
"Fruits Basket, Vol. 4 (Fruits Basket #4)",0.44,0,4,4,8fff1084aa085a13
Girl With a Pearl Earring,6.77,0,1,4,5eff05e59f905a49
Gone with the Wind,2.49,0,3,4,23310ce84d3c9f85
God Is Not Great: How Religion Poisons Everything,7.8,0,1,4,ddbc5530d2939d49
Harry Potter and the Chamber of Secrets (Harry Potter #2),4.74,0,1,4,c7c4f55b7321cba7
Harry Potter and the Half-Blood Prince (Harry Potter #6),8.75,0,5,4,73f4f87dd936ee5c
Harry Potter and the Order of the Phoenix (Harry Potter #5),1.63,0,4,4,5a6b7155f2797537
Harry Potter and the Prisoner of Azkaban (Harry Potter #3),4.17,0,4,4,eff24325e0ede639
Harry Potter and the Sorcerer's Stone (Harry Potter #1),3.9,0,3,4,ac337893a9fe0085
It,5.01,0,3,4,670a2773607d785d
Little Women (Little Women #1),8.07,0,4,4,deda806b68b0aa11
Misery,4.79,0,2,4,81d4191030b9704b
A Game of Thrones (A Song of Ice and Fire #1),6.42,0,2,5,03cbb67c0f990d87
Mockingjay (The Hunger Games #3),0.44,0,4,4,5212c6acea3359e5
Needful Things,7.51,0,4,4,70b585c9d0f15725
Night Shift (Night Shift #1-20),2.75,0,4,4,869d20b3b8128230
No One Here Gets Out Alive,0.02,0,5,4,3a95f5a2df4ff921
"Orchestra of Exiles: The Story of Bronislaw Huberman, the Israel Philharmonic, and the One Thousand Jews He Saved from Nazi Horrors",2.36,0,3,4,2ba5ccc84d35006c
Far From True (Promise Falls Trilogy #2),4.93,0,2,4,ad15a9a139919918
We Are All Completely Beside Ourselves,4.04,0,1,3,be3db344a845580b
We the People: The Modern-Day Figures Who Have Reshaped and Affirmed the Founding Fathers' Vision of America,1.95,0,3,3,06bab964fd536971
When You Are Engulfed in Flames,0.89,0,5,3,dab0196cd5fc8e5e
"Where'd You Go, Bernadette",8.13,0,1,3,07bb35158d9dd3d2
Wild: From Lost to Found on the Pacific Crest Trail,6.02,0,3,3,d30b9215c72cca87
World War Z: An Oral History of the Zombie War,1.8,0,1,3,5d55202da0252627
Wuthering Heights,7.73,0,3,3,5a7ff9aaa3168878
Zero History (Blue Ant #3),4.77,0,1,3,634b7165c96ebb9f
'Salem's Lot,9.56,0,4,4,6e9403f00acd6752
"A History of God: The 4,000-Year Quest of Judaism, Christianity, and Islam",7.62,0,1,4,d12ca4020c2f602e
A New Earth: Awakening to Your Life's Purpose,5.65,0,5,4,f6ae39568db1130e
A Walk to Remember,6.43,0,1,4,aead11697d14ea36
Animal Farm,7.22,0,3,4,1451b55e5e56bb89
Atlas Shrugged,6.58,0,5,4,78a4ac98191ac675
Can You Keep a Secret?,1.94,0,1,4,0812f54c93d726ce
Candide,8.63,0,3,4,2798974abc8a58a8
Confessions of a Shopaholic (Shopaholic #1),8.94,0,2,4,a2dc754afb69bb32
Dark Lover (Black Dagger Brotherhood #1),2.87,0,1,4,2b69d289279aabfd
The Smitten Kitchen Cookbook,3.59,0,1,3,742702d662a71410
The Stand,7.86,0,2,3,49f24193f0b961e6
The Thing About Jellyfish,8.77,0,1,3,3d15714d4d3d15dd
The Travelers,5.77,0,1,3,2b685187f55c5d31
The Undomestic Goddess,5.75,0,4,3,813cff2aefa5d1f0
"The Wicked + The Divine, Vol. 3: Commercial Suicide (The Wicked + The Divine)",4.41,0,3,3,a33ed2e6068df53e
The Wild Robot,6.07,0,3,3,75fed6a47f69859d
"Thinking, Fast and Slow",1.14,0,1,3,719d72f3ee512dc6
Three-Martini Lunch,3.21,0,3,3,57f755143ee96fd4
"Trespassing Across America: One Man's Epic, Never-Done-Before (and Sort of Illegal) Hike Across the Heartland",3.51,0,1,3,2173a2ce35f6ace1
Changing the Game (Play by Play #2),3.38,0,3,4,aaebac5fda798b1b
Twenties Girl,2.8,0,2,3,8ebad30219b8679c
Twilight (Twilight #1),1.93,0,2,3,b53078de0147f6bf
Two Boys Kissing,2.74,0,2,3,61bc8167c9680283
Under the Banner of Heaven: A Story of Violent Faith,0.0,0,1,3,599a4f98bb193368
"Unstuffed: Decluttering Your Home, Mind, and Soul",8.09,0,1,3,b830685072fa871f
Vegan Vegetarian Omnivore: Dinner for Everyone at the Table,3.66,0,2,3,4672d10b9b1e7a05
The Tipping Point: How Little Things Can Make a Big Difference,0.02,0,2,3,224fa77d4b248046
The Lonely Ones,3.59,0,5,3,cf2f27fdf94ba20e
The Lover's Dictionary,8.09,0,2,3,36c15687f5ab0f7c
The Maze Runner (The Maze Runner #1),0.93,0,1,3,4266f48a0aa1c37d
The Name of God is Mercy,7.25,0,2,3,0baf71623648413a
The Nanny Diaries (Nanny #1),2.53,0,5,3,6263c1d2997b8ce0
The New Guy (and Other Senior Year Distractions),4.92,0,3,3,3e42ac0f4d43320f
The Nightingale,6.26,0,4,3,29d6d87f3418638b
The Obsession,5.43,0,1,3,ee441c8e027caa66
The Picture of Dorian Gray,9.7,0,2,3,b9f6305a3d650e2c
The Purest Hook (Second Circle Tattoos #3),2.25,0,1,3,969f6c7e86554814
The Purpose Driven Life: What on Earth Am I Here for?,7.19,0,3,3,0e7beedf0ee9380c
The Red Tent,5.66,0,5,3,3c456328b04a8ee8
The Rest Is Noise: Listening to the Twentieth Century,4.77,0,1,3,e2d47e82c50d41d9
The Restaurant at the End of the Universe (Hitchhiker's Guide to the Galaxy #2),0.92,0,1,3,0e92ccf1bd39e68f
The Paris Wife,6.8,0,3,3,fa26798728f5208f
The Rise of Theodore Roosevelt (Theodore Roosevelt #1),2.57,0,3,3,1a5044d233936b1a
The Day the Crayons Came Home (Crayons),6.33,0,5,3,b22362b434e8ee62
The Demon-Haunted World: Science as a Candle in the Dark,2.25,0,4,3,f51062bf579507d9
"The Disappearing Spoon: And Other True Tales of Madness, Love, and the History of the World from the Periodic Table of the Elements",7.35,0,5,3,63c0826ef59eae66
The Devil Wears Prada (The Devil Wears Prada #1),4.29,0,1,3,a6ab0cb7106a67f2
"The End of Faith: Religion, Terror, and the Future of Reason",2.13,0,4,3,b3f2bc2cefb35f05
The Exiled,3.45,0,3,3,dd003e904727281a
The Girl Who Kicked the Hornet's Nest (Millennium Trilogy #3),7.48,0,1,3,8f5d16a5a9bd58b2
The Girl Who Played with Fire (Millennium Trilogy #2),2.14,0,2,3,bfa9cb304075d3e8
The Girl with All the Gifts,9.47,0,3,3,92dcc54a27107a37
"The Elegant Universe: Superstrings, Hidden Dimensions, and the Quest for the Ultimate Theory",3.03,0,4,3,c6bf14cb901c63ac
The Giver (The Giver Quartet #1),2.3,0,1,3,e2dac1f4739e0bd5
The Goldfinch,3.58,0,3,3,c88422d8959260ab
The Guernsey Literary and Potato Peel Pie Society,9.53,0,1,3,4a0a276409968a73
The Guns of August,4.54,0,2,3,b5da59dd177eb36b
The Hitchhiker's Guide to the Galaxy (Hitchhiker's Guide to the Galaxy #1),7.8,0,3,3,a8b0ea6490bc818f
The Husband's Secret,2.51,0,5,3,ff6bb30dd0c482a6
The Last Painting of Sara de Vos,5.55,0,2,3,476c7972e9b41891
"The Sandman, Vol. 3: Dream Country (The Sandman (volumes) #3)",5.55,0,5,3,91eb9605998a7c03
The Infinities,7.41,0,1,3,554e9e2d532b3a87
"The Land of 10,000 Madonnas",9.64,0,4,3,35e69a79d2b1e804
The Silkworm (Cormoran Strike #2),3.05,0,5,3,f06039c29b5891fa
The Lean Startup: How Today's Entrepreneurs Use Continuous Innovation to Create Radically Successful Businesses,3.92,0,3,3,70c7c3ca7f9b2728
The Road to Little Dribbling: Adventures of an American in Britain (Notes From a Small Island #2),3.21,0,1,3,366a236aa1ea6f07
The Rose & the Dagger (The Wrath and the Dawn #2),8.64,0,4,3,322a9e34d87f54b1
Shopaholic & Baby (Shopaholic #5),6.45,0,2,3,c57d3c96af23c297
Something Blue (Darcy & Rachel #2),4.62,0,1,3,3fc9d51d1c4d6ba7
Soldier (Talon #3),4.72,0,2,3,feaaae90514eb2ac
Something Borrowed (Darcy & Rachel #1),8.96,0,5,3,ac27ab4bcd9c492e
Spilled Milk: Based on a True Story,9.51,0,1,3,f08667e4c0458f37
Stiff: The Curious Lives of Human Cadavers,6.74,0,3,3,a11ae5f07572ef49
"Surely You're Joking, Mr. Feynman!: Adventures of a Curious Character",5.83,0,2,3,61002f3b7ba5d780
The Art of Fielding,2.1,0,1,3,2858ac90c4758e1f
"The Art of Simple Food: Notes, Lessons, and Recipes from a Delicious Revolution",4.32,0,3,3,311634df10651e05
The Autobiography of Malcolm X,3.43,0,2,3,b04a6a0db525857d
The Blind Side: Evolution of a Game,3.71,0,5,3,cd3dcd83bb002e78
The Book of Basketball: The NBA According to The Sports Guy,4.84,0,5,3,08decd9664e5d56e
The Book Thief,3.49,0,2,3,a75e274c8814b539
The Cat in the Hat (Beginner Books B-1),6.26,0,2,3,b7f475238ed50429
The Catcher in the Rye,4.55,0,1,3,487449f4f6322f0f
The Cuckoo's Calling (Cormoran Strike #1),9.21,0,1,3,1be6d3b121865edb
The Da Vinci Code (Robert Langdon #2),2.96,0,2,3,dabf11918b48b40c
The Case for Christ (Cases for Christianity),7.84,0,1,3,970bd3316219e7dc
Very Good Lives: The Fringe Benefits of Failure and the Importance of Imagination,0.66,0,3,3,52aa3d79b1cee455
One for the Money (Stephanie Plum #1),2.87,0,2,3,3250650a5c4e6f07
Orange Is the New Black,4.61,0,2,3,8378c899988905ee
The Complete Stories and Poems (The Works of Edgar Allan Poe [Cameo Edition]),6.78,0,4,3,cad70d6ffd53912f
Original Fake,1.45,0,3,3,c59283b05905c853
Outliers: The Story of Success,4.16,0,1,3,09a7b0b566ad6225
Packing for Mars: The Curious Science of Life in the Void,6.68,0,2,3,8e2dfd6bcf48e1e6
Persepolis: The Story of a Childhood (Persepolis #1-2),9.13,0,1,3,cb62418129b864a3
Prodigy: The Graphic Novel (Legend: The Graphic Novel #2),3.63,0,3,3,9707989a439757b4
Quiet: The Power of Introverts in a World That Can't Stop Talking,3.55,0,1,3,3c565df219ba3274
Reservations for Two,1.1,0,3,3,ecdf73ee66c33b17
Rework,4.88,0,2,3,8e9dd8431170c09e
The Complete Poems,1.32,0,5,3,23707d3ddf14a999
"Rise of the Rocket Girls: The Women Who Propelled Us, from Missiles to the Moon to Mars",1.67,0,4,3,89cad3f37c9ce226
Rogue Lawyer (Rogue Lawyer #1),0.11,0,3,3,b4f5672f68ec3a83
Running with Scissors,2.91,0,4,3,28921443f052bea6
"Saga, Volume 3 (Saga (Collected Editions) #3)",1.57,0,5,3,7b870bf85d01c2dc
Lady Renegades (Rebel Belle #3),3.04,0,5,3,16e843e6b853cc2f
"Lamb: The Gospel According to Biff, Christ's Childhood Pal",5.5,0,5,3,190fbebbf798c31a
"Lean In: Women, Work, and the Will to Lead",5.02,0,1,3,d5e1a9bfe22bbf9f
Legend (Legend #1),3.69,0,4,3,0ce8075fab4a2b5b
Red: The True Story of Red Riding Hood,8.54,0,3,3,4c8ece50736f9e88
The 7 Habits of Highly Effective People: Powerful Lessons in Personal Change,3.17,0,4,7,5fbd03b1ac0a0e69
Life After Life,6.13,0,2,3,4ec53ff7e2263f32
Life Without a Recipe,9.04,0,5,3,c53d9fefcda371e9
"Life, the Universe and Everything (Hitchhiker's Guide to the Galaxy #3)",3.26,0,2,3,4b3f4f151c99f472
Lust & Wonder,1.87,0,2,3,0dcadb06206abd3c
Ready Player One,9.07,0,4,3,2ef5dc7e278e562a
Manuscript Found in Accra,4.98,0,2,3,546da23278482b0a
Me Talk Pretty One Day,7.6,0,2,3,abc4a7ee16c21088
Lila (Gilead #3),2.47,0,3,3,4ef75307fb64e2ad
Midnight Riot (Peter Grant/ Rivers of London - books #1),5.46,0,2,3,e9056f9b5a40a301
"Miracles from Heaven: A Little Girl, Her Journey to Heaven, and Her Amazing Story of Healing",7.83,0,1,3,7980fa06f2b704d8
Morning Star (Red Rising #3),9.4,0,1,3,7ce5a92baabb6bc0
Naked,1.69,0,3,3,54aeeb4610d3ae08
Neither Here nor There: Travels in Europe,8.95,0,3,3,747cf7fca2ccdbd4
Letter to a Christian Nation,2.2,0,1,3,1de75f05d57bfc10
Night (The Night Trilogy #1),3.51,0,1,3,c4d9fce9eff3b8ba
Notes from a Small Island (Notes From a Small Island #1),0.17,0,1,3,cb65e49993db9a93
Sarah's Key,6.29,0,1,3,5b2cd5b31a510848
Scarlet (The Lunar Chronicles #2),4.57,0,4,3,510832818edb6fbc
Seven Brief Lessons on Physics,0.6,0,4,3,281a244ce1954711
Let's Pretend This Never Happened: A Mostly True Memoir,5.11,0,1,3,1246e4ffeb5ac4ea
Voyager (Outlander #3),1.07,0,5,3,7feac4000cbc5859
Seven Days in the Art World,2.33,0,2,3,07806456878931bc
Outlander (Outlander #1),9.67,0,5,4,5de4baa88061a77a
Golden (Heart of Dread #3),2.21,0,4,3,984b3b6e7479b571
Gone Girl,7.6,0,5,3,d5c588b6f9c015e4
Gratitude,6.66,0,5,3,c300cc9326592b65
"Grayson, Vol 3: Nemesis (Grayson #3)",2.72,0,1,3,4f6985aca357ae09
Green Eggs and Ham (Beginner Books B-16),0.79,0,4,3,621e2c310cec8d32
Heir to the Sky,4.07,0,4,3,b003f8bb02f76dc5
Holidays on Ice,1.07,0,2,3,0cb4856be3694a57
Horrible Bear!,7.52,0,2,3,cc1ac978a6835ef6
House of Leaves,4.89,0,1,3,557c03c284be1bf2
"House of Lost Worlds: Dinosaurs, Dynasties, and the Story of Life on Earth",3.7,0,2,3,1812b8f5641287e3
Hungry Girl Clean & Hungry: Easy All-Natural Recipes for Healthy Eating in the Real World,3.14,0,3,3,6c4d17a46cac8787
I Am Malala: The Girl Who Stood Up for Education and Was Shot by the Taliban,8.88,0,2,3,8010c7c148057fd3
I've Got Your Number,9.69,0,1,3,6b32b561dab8036c
If I Run (If I Run #1),9.97,0,4,3,61569d12d4ae7161
"In the Garden of Beasts: Love, Terror, and an American Family in Hitler's Berlin",8.85,0,3,3,d8292cd5f1aca291
Inferno (Robert Langdon #4),1.0,0,5,3,6c4646d90b60a56c
Cosmos,6.17,0,2,3,dbe33cf29ef1623d
Counting Thyme,0.62,0,1,3,157f693d9e600ccc
Crazy Rich Asians (Crazy Rich Asians #1),9.13,0,5,3,c9782ad2a0ed9331
Dark Places,3.9,0,5,3,66937c669c4da072
Darkfever (Fever #1),6.02,0,1,3,468bd274ac084bb9
Walk the Edge (Thunder Road #2),2.36,0,3,3,0e4e2d31c2fb3aad
"David and Goliath: Underdogs, Misfits, and the Art of Battling Giants",7.81,0,1,3,d234ddecef49ef4e
Dead Wake: The Last Crossing of the Lusitania,9.24,0,5,3,04d858cdeeee0da4
Disrupted: My Misadventure in the Start-Up Bubble,5.28,0,5,3,81372abc86f65c79
Do Androids Dream of Electric Sheep? (Blade Runner #1),1.48,0,1,3,98330e431e56a9ea
Dracula,2.62,0,3,3,a7ec599c1a547746
Dune (Dune #1),4.86,0,1,3,36d5884d44484277
Eclipse (Twilight #3),8.74,0,1,3,73f71f9556442117
Extreme Prey (Lucas Davenport #26),5.4,0,3,3,588ba85ff11a3263
Fellside,8.62,0,1,3,147019cae600694e
Fire Bound (Sea Haven/Sisters of the Heart #5),1.28,0,4,3,2ed3a794a70aa85f
Are We There Yet?,0.66,0,3,3,ef9c4f2465513956
Are We Smart Enough to Know How Smart Animals Are?,6.58,0,1,3,da0349a87c8caa2f
Eragon (The Inheritance Cycle #1),3.87,0,3,3,b843f52a986a2914
Ash,2.06,0,4,3,5d22e2a46604b6e7
Awkward,8.02,0,2,3,1d89a2aa9f6ce50f
Beautiful Creatures (Caster Chronicles #1),1.55,0,5,3,5439bae708bca198
Beowulf,8.35,0,2,3,3fb69f34e178d494
Best of My Love (Fool's Gold #20),7.41,0,2,3,67dea6c75d6a1075
Between Shades of Gray,0.79,0,5,3,155e42df837ee5ff
Big Little Lies,2.11,0,1,3,d3f9c4539c0caa64
"Black Butler, Vol. 1 (Black Butler #1)",9.31,0,1,3,15f415d436888b2d
Black Flags: The Rise of ISIS,0.87,0,1,3,860318b8e244f39c
Blink: The Power of Thinking Without Thinking,1.74,0,5,3,0bbc48294707ba96
"Born to Run: A Hidden Tribe, Superathletes, and the Greatest Race the World Has Never Seen",7.35,0,2,3,e256de8aa0c2115f
Boy Meets Boy,1.12,0,3,3,8e0bc2fe4e7d35b5
Brave Enough,1.32,0,5,3,fd2337c1b73b686e
Fifty Shades Freed (Fifty Shades #3),5.36,0,5,3,ed813a848580ba50
Breaking Dawn (Twilight #4),5.28,0,5,3,bbfc4a3b7b6c94a0
Career of Evil (Cormoran Strike #3),4.72,0,2,3,b461cf238506c5b8
Girl Online On Tour (Girl Online #2),3.47,0,1,2,97b8f130d32e9f4e
H is for Hawk,7.42,0,5,2,b6d3f4f4ee1f6069
Kindle Paperwhite User's Guide,4.0,0,3,2,fb495f9f9015a772
Life,1.58,0,5,2,637e5a45062aa548
New Moon (Twilight #2),2.86,0,4,2,6fa3ea52c8e31e06
"Run, Spot, Run: The Ethics of Keeping Pets",0.02,0,1,2,b0e479be03911916
"Saga, Volume 2 (Saga (Collected Editions) #2)",1.75,0,3,2,9189fd009df41d0e
Sugar Rush (Offensive Line #2),4.42,0,1,2,ce42e3de94226b2b
The Course of Love,6.78,0,3,2,f3c76b53b239f511
"The Sandman, Vol. 2: The Doll's House (The Sandman (volumes) #2)",4.81,0,1,2,276dc716b1da8899
The Sense of an Ending,1.38,0,3,2,4130678275eb7c8c
"The Suffragettes (Little Black Classics, #96)",1.89,0,2,2,d2185b65af52d68c
#GIRLBOSS,0.96,0,1,3,165affa7adb5eded
8 Keys to Mental Health Through Exercise,1.04,0,1,3,f5873c8fc7760000
A Heartbreaking Work of Staggering Genius,4.29,0,5,3,c9770bb1d5a492a0
A Storm of Swords (A Song of Ice and Fire #3),1.22,0,2,3,87beabf664115d79
A Visit from the Goon Squad,4.08,0,5,3,5dbd6ec4e154ad2f
The Silent Twin (Detective Jennifer Knight #3),6.25,0,3,1,9e9932ae1a7d0943
The Selfish Gene,9.45,0,1,1,6f2c0a9adbb2bca9
The Silent Wife,2.34,0,5,1,b78deb463531d078
The Story of Hong Gildong,3.19,0,4,1,32d035df92ab9080
The Tumor,1.56,0,5,1,6514add13c82b115
"The Wicked + The Divine, Vol. 1: The Faust Act (The Wicked + The Divine)",6.52,0,2,1,dac9d1e654fac737
The Zombie Room,9.69,0,5,1,9c96cd1329fbd82d
This One Moment (Pushing Limits #1),8.71,0,1,1,d6d98d3508c30f57
Three Wishes (River of Time: California #1),4.18,0,2,1,460f97a346b44bac
Travels with Charley: In Search of America,7.82,0,5,1,0268f149d014b389
Twenty Love Poems and a Song of Despair,0.95,0,4,1,e63c3f25338baf9a
Vampire Girl (Vampire Girl #1),3.82,0,2,1,dab5e75d1339706a
"Vampire Knight, Vol. 1 (Vampire Knight #1)",5.4,0,1,1,e7e87087b1a44711
Ways of Seeing,9.51,0,5,1,66a4e422b212726a
When I'm Gone,1.96,0,3,1,c5f91eb481427dc5
Where Lightning Strikes (Bleeding Stars #3),9.77,0,3,1,def389ddfda6991b
While You Were Mine,1.32,0,5,1,8ceb5c6aed2c5f8b
"Y: The Last Man, Vol. 1: Unmanned (Y: The Last Man #1)",8.51,0,4,1,09d26b5f819c6a36
Diary of a Minecraft Zombie Book 1: A Scare of a Dare (An Unofficial Minecraft Book),2.88,0,4,2,d7b463918d3b8c39
"Fruits Basket, Vol. 2 (Fruits Basket #2)",1.64,0,5,2,c0db71f6bb14db11
The Communist Manifesto,4.76,0,3,1,18b4545a5ed15581
The Complete Maus (Maus #1-2),0.64,0,3,1,3301af038a720587
The Edge of Reason (Bridget Jones #2),9.18,0,4,1,29fc016c459aeb14
The End of the Jesus Era (An Investigation #1),4.4,0,1,1,09659d1639a1f978
The Girl In The Ice (DCI Erika Foster #1),5.85,0,3,1,ee61197edb882599
The Girl You Lost,2.29,0,5,1,4280ac3eab57aa5d
The Haters,7.89,0,5,1,fff8a057a40c4a60
The Hook Up (Game On #1),6.29,0,5,1,6e473eff459e809f
The Iliad,6.16,0,1,1,86d8bd7afa5b51b3
The Last Girl (The Dominion Trilogy #1),6.26,0,2,1,16c71736dae78764
The Light of the Fireflies,4.43,0,1,1,04e43893e32f9d29
The Little Prince,5.42,0,2,1,1aeca7d078d57deb
The Mirror & the Maze (The Wrath and the Dawn #1.5),9.38,0,1,1,c40b70e0f6d80189
The Name of the Wind (The Kingkiller Chronicle #1),0.59,0,3,1,c8614adb1a90b027
The Nicomachean Ethics,6.34,0,1,1,5c10b64db3e4f228
The No. 1 Ladies' Detective Agency (No. 1 Ladies' Detective Agency #1),7.7,0,4,1,b0913e67d38d5ed5
The Odyssey,9.64,0,3,1,f0512adadffd2480
The Republic,3.78,0,3,1,0ec9d2b018fb10d8
One Second (Seven #7),2.94,0,2,1,7ea31f38675b91c1
Origins (Alphas 0.5),8.99,0,1,1,8932e5c12f12ffed
"Ouran High School Host Club, Vol. 1 (Ouran High School Host Club #1)",9.87,0,3,1,326825e02a198cf6
"Paper Girls, Vol. 1 (Paper Girls #1-5)",1.71,0,4,1,bcbcbcf0f6ed196f
Paradise Lost (Paradise #1),4.96,0,1,1,849db7ab7f4a640c
"Rat Queens, Vol. 1: Sass & Sorcery (Rat Queens (Collected Editions) #1-5)",6.96,0,5,1,3cdca3b4a93980f5
"Rhythm, Chord & Malykhin",8.34,0,2,1,9efb397067eb7e8a
"Saga, Volume 1 (Saga (Collected Editions) #1)",8.48,0,1,1,4f64568dfefa3ce7
Sense and Sensibility,7.46,0,1,1,35e44170702139a4
Settling the Score (The Summer Games #1),4.91,0,2,1,132adf7335bb384a
Shadow Rites (Jane Yellowrock #10),1.72,0,4,1,229cd6564bf0dce4
Shameless,8.35,0,3,1,c068c013d6921fea
Shatter Me (Shatter Me #1),2.4,0,1,1,9ed7090d8fa690b0
Sister Sable (The Mad Queen #1),3.33,0,3,1,3a9a7c5895e82646
"Skip Beat!, Vol. 01 (Skip Beat! #1)",2.12,0,3,1,2ac720f76384c57e
Starlark,5.83,0,3,1,e25164e5b3fe208b
Taking Shots (Assassins #1),8.88,0,2,1,a7eef9d6795422c1
The Art of Not Breathing,0.83,0,4,1,5bc1fbccfbf2355c
"Ms. Marvel, Vol. 1: No Normal (Ms. Marvel (2014-2015) #1)",9.39,0,4,1,35a60467893aa168
"Fruits Basket, Vol. 1 (Fruits Basket #1)",0.28,0,5,1,72e6fbf4f6382557
"Giant Days, Vol. 1 (Giant Days #1-4)",6.76,0,4,1,eb0fe24bbc845ecc
Having the Barbarian's Baby (Ice Planet Barbarians #7.5),4.96,0,4,1,6717a70913b3db79
"Hawkeye, Vol. 1: My Life as a Weapon (Hawkeye #1)",5.24,0,3,1,6fe02600f322a0a9
Icing (Aces Hockey #2),0.44,0,4,1,3455b45888fb5053
Imperfect Harmony,4.74,0,4,1,f28f7299d38c0932
Jane Eyre,8.43,0,5,1,8d390a1fc3133d06
Kitchens of the Great Midwest,7.2,0,5,1,06f6a57a6d532844
Listen to Me (Fusion #1),8.99,0,3,1,6e712ea24e77bd96
Lord of the Flies,4.89,0,3,1,71a6471bbdac21d9
Lost Among the Living,7.7,0,4,1,d510567580c8be52
Matilda,8.34,0,1,1,1053fb7ee17a1f33
Meditations,5.89,0,2,1,4f19709e47883df5
My Perfect Mistake (Over the Top #1),8.92,0,2,1,fd78f89878479f56
Myriad (Prentor #1),8.75,0,4,1,63e20a0f98218a87
Of Mice and Men,7.11,0,2,1,39592d9d72e717c4
Off Sides (Off #1),9.45,0,5,1,b6f1cfadc4dd79d4
On the Road (Duluoz Legend),2.36,0,3,1,9ff997ab15713e53
Old Records Never Die: One Man's Quest for His Vinyl and His Past,5.66,0,2,1,a1985630339f4b3d
"1,000 Places to See Before You Die",6.08,0,5,1,228ba5e7577e1d49
1st to Die (Women's Murder Club #1),3.98,0,1,1,f684a82adc49f011
A Spy's Devotion (The Regency Spies of London #1),6.97,0,5,1,19fec36a1dfb4c16
"Ajin: Demi-Human, Volume 1 (Ajin: Demi-Human #1)",7.06,0,4,1,bfd5e1701c862ac3
Alice in Wonderland (Alice's Adventures in Wonderland #1),5.53,0,1,1,cd2a2a70dd5d176d
Blood Defense (Samantha Brinkman #1),0.3,0,3,1,95cdfd514098c38b
"Bleach, Vol. 1: Strawberry and the Soul Reapers (Bleach #1)",4.65,0,5,1,099fae4a0705d63b
Beyond Good and Evil,3.38,0,1,1,08672cd59171d5e4
Bounty (Colorado Mountain #7),7.26,0,4,1,abc0b15f2c907ff0
Bridget Jones's Diary (Bridget Jones #1),9.82,0,1,1,a2b4b685dfa94733
Bright Lines,9.07,0,5,1,230ac636ea0ea415
Charity's Cross (Charles Towne Belles #4),1.24,0,1,1,a96404cb928895f3
Charlie and the Chocolate Factory (Charlie Bucket #1),2.85,0,3,1,1774749f2cee292f
Choosing Our Religion: The Spiritual Lives of America's Nones,8.42,0,4,1,a812f6969ddf3e39
Deep Under (Walker Security #1),7.09,0,5,1,0072b94dfa30608e
"Eat, Pray, Love",1.32,0,3,1,df56868afd166557
Emma,2.93,0,2,1,2e69730561ed70ad
Fighting Fate (Fighting #6),9.24,0,3,1,6390772a3094939d
Frankenstein,8.0,0,2,1,a492f49a3e2b6a71
Forever Rockers (The Rocker #12),8.8,0,3,1,e564c3f1a93ccf2e
The Bette Davis Club,0.66,0,3,1,dfb0849016bc122c
"The Sandman, Vol. 1: Preludes and Nocturnes (The Sandman (volumes) #1)",4.12,0,3,1,5faefdc861684eb1
The Secret Healer,4.56,0,3,1,38f776ab9118aed7
The Bhagavad Gita,7.49,0,3,1,f3a0b8c835129558
A Walk in the Woods: Rediscovering America on the Appalachian Trail,0.48,0,4,3,bcee4f289ff6699c
And Then There Were None,5.01,0,2,3,cfe350b20d23b02b
Annie on My Mind,6.83,0,5,3,7bf87402413c27ff
Catastrophic Happiness: Finding Joy in Childhood's Messy Years,7.35,0,2,3,ef49db2aaa9bb547
Cinder (The Lunar Chronicles #1),6.09,0,1,3,7e9579921e5407cb
"Fruits Basket, Vol. 3 (Fruits Basket #3)",5.17,0,2,3,d5f5a122a593b580
Civilization and Its Discontents,9.95,0,2,3,396385e3de5d18c3
"Friday Night Lights: A Town, a Team, and a Dream",1.22,0,3,3,a9aa3ed5b316470b
Girl in the Blue Coat,6.83,0,2,3,41fc5dce044f16f5
Into the Wild,6.7,0,5,3,a7c3f1010d64799a
Is Everyone Hanging Out Without Me? (And Other Concerns),0.11,0,3,3,034829ffdd0a0aea
It's Never Too Late to Begin Again: Discovering Creativity and Meaning at Midlife and Beyond,2.38,0,1,3,d4a29356fc992879
Jurassic Park (Jurassic Park #1),4.97,0,1,3,a0dd11f6abc421ec
A Girl's Guide to Moving On (New Beginnings #2),1.3,0,1,5,cf3b86489890b9f2
Paper and Fire (The Great Library #2),9.45,0,5,4,ae884ac655d6ee3e
Alight (The Generations Trilogy #2),8.59,0,4,5,d9290e99f189ce84
"Fruits Basket, Vol. 5 (Fruits Basket #5)",6.33,0,1,5,3fd83dcf37bf1bc0
Harry Potter and the Deathly Hallows (Harry Potter #7),3.32,0,1,5,6c49258724f11770
If I Stay (If I Stay #1),8.13,0,5,5,7284d85428305f5a
The Crossover,8.77,0,4,5,b228042c088b1913
The Dream Thieves (The Raven Cycle #2),4.5,0,1,5,fec06f52054ea900
The Darkest Corners,1.33,0,5,5,c4182bdb53e2459a
"Will Grayson, Will Grayson (Will Grayson, Will Grayson)",7.31,0,4,5,e75f3ae1da1cc652
I Know Why the Caged Bird Sings (Maya Angelou's Autobiography #1),6.55,0,2,5,d219d4e325e6f204
The Barefoot Contessa Cookbook,9.92,0,5,6,6478ccb4416e6a5d
A Short History of Nearly Everything,2.4,0,5,7,6c7fa6844380f50a
A Summer In Europe,4.34,0,2,7,cc1936a9f4e93477
"At The Existentialist Café: Freedom, Being, and apricot cocktails with: Jean-Paul Sartre, Simone de Beauvoir, Albert Camus, Martin Heidegger, Edmund Husserl, Karl Jaspers, Maurice Merleau-Ponty and others",9.93,0,5,7,6b52904b2ab91bf6
Benjamin Franklin: An American Life,8.19,0,3,7,5b546a46a86a9d8c
Memoirs of a Geisha,9.67,0,3,7,dac4b5847454fd9b
Meternity,3.58,0,3,7,725cd8d23d78cdca
"Naturally Lean: 125 Nourishing Gluten-Free, Plant-Based Recipes--All Under 300 Calories",1.38,0,5,7,924438fc6cbec836
The Origin of Species,0.01,0,4,7,0345872b14f9e774
The Story of Art,1.14,0,4,7,9147c5251cc99eb1
Like Never Before (Walker Family #2),8.77,0,2,7,b6670507e85b30e6
Death by Leisure: A Cautionary Tale,7.51,0,4,8,4dbd54d9e36c9566
Isla and the Happily Ever After (Anna and the French Kiss #3),8.13,0,5,5,45045146dbf7b009
Diary of a Citizen Scientist: Chasing Tiger Beetles and Other New Ways of Engaging the World,8.41,0,1,8,0c11e2d068768dbb
Ender's Game (The Ender Quintet #1),3.64,0,1,8,e049d44c4f1cf1b2
Future Shock (Future Shock #1),5.65,0,5,8,df6a7c43faa6732b
Heaven is for Real: A Little Boy's Astounding Story of His Trip to Heaven and Back,2.86,0,2,8,d48c1369927ebef1
Roller Girl,4.1,0,5,8,aeb51dfbe8aeec59
Underlying Notes,1.82,0,2,9,0967effecd292a86
Unlimited Intuition Now,8.87,0,4,9,4fd0a2a350f016e6
World Without End (The Pillars of the Earth #2),2.97,0,4,5,2e5b4ff08a75fd02
Mothering Sunday,3.34,0,2,11,47e1b2d43f709995
"Mother, Can You Not?",6.89,0,5,11,28b2df9fadc9f07e
Equal Is Unfair: America's Misguided Fight Against Income Inequality,6.86,0,1,12,3968e3fbf4695d7c
Everyday Italian: 125 Simple and Delicious Recipes,0.1,0,5,12,76319fe9d8b465a3
Hide Away (Eve Duncan #20),1.84,0,1,12,bddc6fd036eb6279
The Lonely City: Adventures in the Art of Being Alone,3.26,0,2,12,582a21a1dbbef3cf
The Midnight Watch: A Novel of the Titanic and the Californian,6.2,0,1,12,14e44163678e24dc
Watchmen,8.05,0,4,9,d1848064c54e01c7
"Adulthood Is a Myth: A ""Sarah's Scribbles"" Collection",0.9,0,2,14,5319169a72714c62
Furiously Happy: A Funny Book About Horrible Things,1.46,0,4,12,c6a29d6df8de968c
All the Light We Cannot See,9.87,0,5,14,39861fc1c0845d15
City of Glass (The Mortal Instruments #3),6.02,0,4,14,966ebb738e0f9d9b
Clockwork Angel (The Infernal Devices #1),4.14,0,1,14,42b0c50fc44140ec
Code Name Verity (Code Name Verity #1),2.13,0,4,14,33a3e0e3ffde0dcd
Swell: A Year of Waves,5.58,0,1,14,4c8b7540409da4ac
The Loney,3.4,0,1,14,2d88a31f325dfd3b
The Long Haul (Diary of a Wimpy Kid #9),4.07,0,1,14,f21effc079a2b38a
The Lucifer Effect: Understanding How Good People Turn Evil,0.4,0,1,14,4e812d32d64e2431
Without Shame,8.27,0,5,9,ab60e6f5a63e1cfb
The Marriage of Opposites,8.08,0,4,14,52cf2a5933ec5d8f
The Power of Habit: Why We Do What We Do in Life and Business,6.88,0,3,14,6bdd909329435e80
Chasing Heaven: What Dying Taught Me About Living,7.8,0,2,15,513271dadc1322ae
Close to You,9.46,0,4,15,a57b1dcbd6849222
"Daring Greatly: How the Courage to Be Vulnerable Transforms the Way We Live, Love, Parent, and Lead",9.43,0,3,15,3b9a3b4624b7fd6d
Dark Notes,9.19,0,5,15,88c21fcd38e2486e
Little Red,3.47,0,3,15,4aa03792b50f0b22
Louisa: The Extraordinary Life of Mrs. Adams,6.85,0,2,15,d69dd8dac66f9f84
Miss Peregrine’s Home for Peculiar Children (Miss Peregrine’s Peculiar Children #1),0.76,0,1,15,af96613fdd793a3c
The Bridge to Consciousness: I'm Writing the Bridge Between Science and Our Old and New Beliefs.,2.0,0,3,15,efc3768127714ec3
The Psychopath Test: A Journey Through the Madness Industry,6.0,0,2,15,e98a4efa85070c2f
The Regional Office Is Under Attack!,1.36,0,5,15,0651062381f0636a
A World of Flavor: Your Gluten Free Passport,2.95,0,1,16,70ed59f194b3c556
Algorithms to Live By: The Computer Science of Human Decisions,0.81,0,1,16,38d45839cb1c83c1
How to Be Miserable: 40 Strategies You Already Use,6.03,0,1,16,a6f99b9e687f9d46
The Artist's Way: A Spiritual Path to Higher Creativity,8.49,0,5,15,dd047728de72ad62
I am a Hero Omnibus Volume 1,4.63,0,3,16,1c89ae5bb804e4de
"I Hate Fairyland, Vol. 1: Madly Ever After (I Hate Fairyland (Compilations) #1-5)",9.17,0,2,16,8d4eefad7a2b3915
Immunity: How Elie Metchnikoff Changed the Course of Modern Medicine,7.36,0,5,16,e4f74c16de34d440
The Secret (The Secret #1),7.37,0,4,15,961f18db4f138211
"Pop Gun War, Volume 1: Gift",8.97,0,1,16,e80f8e518b300dfe
Princess Between Worlds (Wide-Awake Princess #5),3.34,0,5,16,0e691eda369f4e09
"Princess Jellyfish 2-in-1 Omnibus, Vol. 01 (Princess Jellyfish 2-in-1 Omnibus #1)",3.61,0,5,16,0fa6dceead7ce47a
Private Paris (Private #10),7.61,0,5,17,b12b89017878a60d
Reasons to Stay Alive,6.41,0,2,17,c8f7f0cb1abb9cac
Slow States of Collapse: Poems,7.31,0,3,17,b4fd5943413e089a
Modern Romance,8.26,0,5,15,caf4fe9311f1dc59
Chase Me (Paris Nights #2),5.27,0,5,19,c2e46a2ee3b4a322
"Foolproof Preserving: A Guide to Small Batch Jams, Jellies, Pickles, Condiments, and More: A Foolproof Guide to Making Small Batch Jams, Jellies, Pickles, Condiments, and More",0.52,0,3,19,5674a18a29a43ced
How Music Works,7.32,0,2,19,327f68a59745c102
